-- --------------------------------------------------------
-- Host:                         127.0.0.1
-- Versione server:              10.7.3-MariaDB - mariadb.org binary distribution
-- S.O. server:                  Win64
-- HeidiSQL Versione:            11.3.0.6295
-- --------------------------------------------------------

/*!40101 SET @OLD_CHARACTER_SET_CLIENT=@@CHARACTER_SET_CLIENT */;
/*!40101 SET NAMES utf8 */;
/*!50503 SET NAMES utf8mb4 */;
/*!40014 SET @OLD_FOREIGN_KEY_CHECKS=@@FOREIGN_KEY_CHECKS, FOREIGN_KEY_CHECKS=0 */;
/*!40101 SET @OLD_SQL_MODE=@@SQL_MODE, SQL_MODE='NO_AUTO_VALUE_ON_ZERO' */;
/*!40111 SET @OLD_SQL_NOTES=@@SQL_NOTES, SQL_NOTES=0 */;


-- Dump della struttura del database champions_league
CREATE DATABASE IF NOT EXISTS `champions_league` /*!40100 DEFAULT CHARACTER SET latin1 */;
USE `champions_league`;

-- Dump della struttura di tabella champions_league.ranking
CREATE TABLE IF NOT EXISTS `ranking` (
  `Posizione` int(11) NOT NULL,
  `Nome_Squadra` varchar(50) NOT NULL DEFAULT '',
  `Campionato` varchar(50) NOT NULL DEFAULT '',
  `17/18` double NOT NULL DEFAULT 0,
  `18/19` double NOT NULL DEFAULT 0,
  `19/20` double NOT NULL DEFAULT 0,
  `20/21` double NOT NULL DEFAULT 0,
  `21/22` double NOT NULL DEFAULT 0,
  `Punti` double NOT NULL DEFAULT 0,
  `Federazione` double NOT NULL DEFAULT 0
) ENGINE=InnoDB DEFAULT CHARSET=latin1;

-- Dump dei dati della tabella champions_league.ranking: ~433 rows (circa)
/*!40000 ALTER TABLE `ranking` DISABLE KEYS */;
INSERT INTO `ranking` (`Posizione`, `Nome_Squadra`, `Campionato`, `17/18`, `18/19`, `19/20`, `20/21`, `21/22`, `Punti`, `Federazione`) VALUES
	(1, 'Bayern München', 'GER', 29, 20, 36, 27, 26, 138, 15.042),
	(2, 'Liverpool ', 'ENG', 30, 29, 18, 24, 33, 134, 21.328),
	(3, 'Manchester City ', 'ENG', 22, 25, 25, 35, 27, 134, 21.328),
	(4, 'Real Madrid ', 'ESP', 32, 19, 17, 26, 30, 124, 19.228),
	(5, 'Chelsea ', 'ENG', 18, 30, 17, 33, 25, 123, 21.328),
	(6, 'Barcelona', 'ESP', 25, 30, 24, 20, 15, 114, 19.228),
	(7, 'Paris Saint Germain', 'FRA', 19, 19, 31, 24, 19, 112, 12.016),
	(8, 'Juventus', 'ITA', 23, 21, 22, 21, 20, 107, 15.38),
	(9, 'Atlético de Madrid', 'ESP', 28, 20, 22, 16, 19, 105, 19.228),
	(10, 'Manchester United', 'ENG', 20, 19, 22, 26, 18, 105, 21.328),
	(11, 'AS Roma', 'ITA', 25, 17, 11, 24, 23, 100, 15.38),
	(12, 'Sevilla ', 'ESP', 21, 13, 26, 19, 12, 91, 19.228),
	(13, 'RB Leipzig', 'GER', 17, 5, 27, 17, 17, 83, 15.042),
	(14, 'Tottenham Hotspur', 'ENG', 21, 26, 16, 15, 5, 83, 21.328),
	(15, 'Ajax', 'NED', 1.5, 27, 13, 19, 22, 82.5, 9.86),
	(16, 'Porto', 'POR', 17, 23, 7, 23, 10, 80, 10.676),
	(17, 'Arsenal', 'ENG', 21, 26, 10, 23, 0, 80, 21.328),
	(18, 'Villarreal', 'ESP', 8, 16, 0, 30, 24, 78, 19.228),
	(19, 'Borussia Dortmund', 'GER', 10, 18, 18, 22, 10, 78, 15.042),
	(20, 'Olympique Lyonnais', 'FRA', 14, 17, 23, 0, 21, 75, 12.016),
	(21, 'RB Salzburg', 'AUT', 21, 16, 10, 7, 17, 71, 7.77),
	(22, 'Shakhtar Donetsk', 'UKR', 19, 10, 22, 14, 6, 71, 6.36),
	(23, 'Internazionale Milano', 'ITA', 0, 15, 25, 9, 18, 67, 15.38),
	(24, 'Atalanta', 'ITA', 11, 2.5, 20, 17, 16, 66.5, 15.38),
	(25, 'Napoli', 'ITA', 10, 18, 19, 10, 9, 66, 15.38),
	(26, 'Eintracht Frankfurt', 'GER', 0, 24, 9, 0, 28, 61, 15.042),
	(27, 'Benfica', 'POR', 4, 17, 10, 10, 20, 61, 10.676),
	(28, 'Sporting Clube de Portugal', 'POR', 17, 10, 10, 2.5, 16, 55.5, 10.676),
	(29, 'Basel', 'SUI', 19, 2.5, 19, 2.5, 12, 55, 5.935),
	(30, 'Bayer 04 Leverkusen', 'GER', 0, 11, 18, 10, 14, 53, 15.042),
	(31, 'Lazio', 'ITA', 17, 6, 4, 17, 9, 53, 15.38),
	(32, 'Slavia Praha', 'CZE', 6, 14, 6, 16, 10, 52, 5.56),
	(33, 'Rangers', 'SCO', 0.25, 5, 11, 15, 19, 50.25, 7.38),
	(34, 'Dinamo Zagreb', 'CRO', 1.5, 14, 8, 17, 9, 49.5, 5.43),
	(35, 'Braga', 'POR', 9, 2, 10, 9, 16, 46, 10.676),
	(36, 'FK Crvena zvezda', 'SRB', 8, 7, 6, 10, 15, 46, 6.675),
	(37, 'FC Zenit', 'RUS', 14, 10, 9, 5, 8, 46, 6.896),
	(38, 'Olympique de Marseille', 'FRA', 19, 3, 0, 6, 16, 44, 12.016),
	(39, 'FC Dynamo Kyiv', 'UKR', 12, 11, 6, 10, 5, 44, 6.36),
	(40, 'Olympiacos', 'GRE', 5, 8, 10, 10, 8, 41, 5.64),
	(41, 'Copenhagen', 'DEN', 7, 4, 14, 2.5, 13, 40.5, 5.435),
	(42, 'Feyenoord', 'NED', 6, 2, 4, 4, 24, 40, 9.86),
	(43, 'Valencia', 'ESP', 0, 23, 17, 0, 0, 40, 19.228),
	(44, 'Club Brugge', 'BEL', 1.5, 11, 8, 11, 7, 38.5, 6.12),
	(45, 'Milan', 'ITA', 12, 7, 0, 12, 7, 38, 15.38),
	(46, 'BSC Young Boys', 'SUI', 5, 7, 6, 11, 8, 37, 5.935),
	(47, 'LASK', 'AUT', 0, 2, 12, 7, 15, 36, 7.77),
	(48, 'Lokomotiv Moskva', 'RUS', 12, 6, 6, 7, 3, 34, 6.896),
	(49, 'Stade Rennais', 'FRA', 0, 11, 3, 5, 14, 33, 12.016),
	(50, 'PSV Eindhoven', 'NED', 1, 6, 6, 10, 10, 33, 9.86),
	(51, 'Celtic', 'SCO', 8, 6, 10, 3, 6, 33, 7.38),
	(52, 'Besiktas', 'TUR', 19, 5, 3, 2, 4, 33, 5.42),
	(53, 'CSKA Moskva', 'RUS', 17, 9, 4, 3, 0, 33, 6.896),
	(54, 'Galatasaray', 'TUR', 0.5, 8, 6, 2.5, 15, 32, 5.42),
	(55, 'Viktoria Plzen', 'CZE', 13, 11, 2, 2.5, 2.5, 31, 5.56),
	(56, 'Lille', 'FRA', 0, 0, 5, 8, 17, 30, 12.016),
	(57, 'Spartak Moskva', 'RUS', 11, 4, 2.5, 0, 12, 29.5, 6.896),
	(58, 'AZ Alkmaar', 'NED', 0, 1.5, 8, 6, 13, 28.5, 9.86),
	(59, 'Gent', 'BEL', 1, 2.5, 10, 3, 11, 27.5, 6.12),
	(60, 'Krasnodar', 'RUS', 1.5, 11, 6, 8, 0, 26.5, 6.896),
	(61, 'AS Monaco ', 'FRA', 6, 5, 0, 0, 15, 26, 12.016),
	(62, 'Real Sociedad', 'ESP', 9, 0, 0, 8, 9, 26, 19.228),
	(63, 'PAOK', 'GRE', 1.5, 3, 2.5, 5, 13, 25, 5.64),
	(64, 'Qarabag', 'AZE', 6, 3, 4, 3, 9, 25, 3.4),
	(65, 'Istanbul Basaksehir', 'TUR', 6, 2, 11, 6, 0, 25, 5.42),
	(66, 'Maccabi TelAvivì', 'ISR', 3, 2.5, 2, 8, 9, 24.5, 4.875),
	(67, 'FK Partizan', 'SRB', 7, 2.5, 6, 2, 7, 24.5, 6.675),
	(68, 'Malmö', 'SWE', 1, 7, 8, 2.5, 5, 23.5, 4.575),
	(69, 'Leicester City', 'ENG', 0, 0, 0, 10, 13, 23, 21.328),
	(70, 'PFC Ludogorets', 'BUL', 7, 4, 6, 3, 3, 23, 3.9),
	(71, 'Hoffenheim', 'GER', 4, 7, 0, 12, 0, 23, 15.042),
	(72, 'FC Sheriff Tiraspol', 'MDA', 7, 2.5, 2, 2, 9, 22.5, 2.25),
	(73, 'VfL Wolfsburg', 'GER', 0, 0, 12, 2.5, 8, 22.5, 15.042),
	(74, 'West Ham United', 'ENG', 0, 0, 0, 0, 21, 21, 21.328),
	(75, 'Wolverhampton', 'ENG', 0, 0, 16, 0, 0, 16, 21.328),
	(76, 'Burnley FC', 'ENG', 0, 2.5, 0, 0, 0, 2.5, 21.328),
	(77, 'Everton', 'ENG', 3, 0, 0, 0, 0, 3, 21.328),
	(78, 'Real Betis', 'ESP', 0, 10, 0, 0, 11, 21, 19.228),
	(79, ' Borussia Mönchengladbach', 'GER', 0, 0, 6, 15, 0, 21, 15.042),
	(80, 'FC Astana', 'KAZ', 8, 6, 3, 1.5, 2, 20.5, 3.15),
	(81, 'AEK Athens', 'GRE', 9, 4, 2.5, 3, 1.5, 20, 5.64),
	(82, 'CFR 1907 Cluj', 'ROU', 0, 2.5, 10, 4, 3, 19.5, 3.43),
	(83, 'Granada ', 'ESP', 0, 0, 0, 13, 0, 13, 19.228),
	(84, 'Getafe', 'ESP', 0, 0, 11, 0, 0, 11, 19.228),
	(85, 'RCD Espanyol', 'ESP', 0, 0, 10, 0, 0, 10, 19.228),
	(86, 'Athletic Club', 'ESP', 10, 0, 0, 0, 0, 10, 19.228),
	(87, 'Midtjylland', 'DEN', 1.5, 2.5, 2, 6, 7, 19, 5.435),
	(88, 'Molde FK', 'NOR', 0, 2.5, 2.5, 12, 2, 19, 5.45),
	(89, 'FC Zorya Luhansk', 'UKR', 4, 2.5, 2.5, 4, 5, 18, 6.36),
	(90, 'KRC Genk', 'BEL', 0, 9, 5, 0, 4, 18, 6.12),
	(91, 'APOEL', 'CYP', 6, 2.5, 7, 2.5, 0, 18, 5.275),
	(92, 'FCSB', 'ROU', 9, 2.5, 2.5, 2, 1.5, 17.5, 3.43),
	(93, 'FC BATE Borisov', 'BLR', 4, 8, 2.5, 1.5, 1.5, 17.5, 2.5),
	(94, 'FK Bodø/Glimt', 'NOR', 0, 0, 0, 2, 15, 17, 5.45),
	(95, 'FC Schalke 04', 'GER', 0, 17, 0, 0, 0, 17, 15.042),
	(96, 'SK Rapid Wien', 'AUT', 0, 7, 0, 5, 4, 16, 7.77),
	(97, 'R. Standard de Liège', 'BEL', 0, 7, 6, 3, 0, 16, 6.12),
	(98, 'Ferencvárosi TC', 'HUN', 0.5, 1, 6, 5, 3, 15.5, 3.275),
	(99, 'Torino FC', 'ITA', 0, 0, 2.5, 0, 0, 2.5, 15.38),
	(100, '1. FC Union Berlin', 'GER', 0, 0, 0, 0, 5, 5, 15.042),
	(101, 'Hertha BSC Berlin', 'GER', 4, 0, 0, 0, 0, 4, 15.042),
	(101, '1. FC Köln', 'GER', 4, 0, 0, 0, 0, 4, 15.042),
	(103, 'SC Freiburg', 'GER', 1, 0, 0, 0, 0, 1, 15.042),
	(104, 'Vitesse', 'NED', 4, 2, 0, 0, 9, 15, 9.86),
	(105, 'HNK Rijeka', 'CRO', 5, 2, 2.5, 3, 2.5, 15, 5.43),
	(106, 'Rosenborg', 'NOR', 4, 3, 3, 2.5, 2.5, 15, 5.45),
	(107, 'Fenerbahçe', 'TUR', 1.5, 8, 0, 0, 5, 14.5, 5.42),
	(108, 'Royal Antwerp', 'BEL', 0, 0, 2.5, 8, 4, 14.5, 6.12),
	(109, 'Hapoel Beer0Sheva FC', 'ISR', 3, 2, 2.5, 4, 2.5, 14, 4.875),
	(110, 'Apollon Limassol FC', 'CYP', 3, 5, 2.5, 2, 1.5, 14, 5.275),
	(111, 'Maribor', 'SVN', 7, 2, 2.5, 1, 1.5, 14, 3),
	(112, 'AC Sparta Praha', 'CZE', 1, 1.5, 2, 4, 5, 13.5, 5.56),
	(113, 'Slovan Bratislava', 'SVK', 0.5, 2, 3, 1.5, 6, 13, 3.125),
	(114, 'Legia Warszawa', 'POL', 1.5, 2, 2.5, 2.5, 4, 12.5, 3.175),
	(115, 'OGC Nice', 'FRA', 6, 0, 0, 3, 0, 9, 12.016),
	(116, 'Stade de Reims', 'FRA', 0, 0, 0, 2, 0, 2, 12.016),
	(117, 'Saint-Étienne', 'FRA', 0, 0, 4, 0, 0, 4, 12.016),
	(118, 'Racing Club de Strasbourg Alsace', 'FRA', 0, 0, 2.5, 0, 0, 2.5, 12.016),
	(119, 'Girondins de Bordeaux', 'FRA', 1, 5, 0, 0, 0, 6, 12.016),
	(120, 'FK Jablonec', 'CZE', 0, 4, 1.5, 1.5, 5, 12, 5.56),
	(121, 'RSC Anderlecht', 'BEL', 6, 3, 0, 0, 2.5, 11.5, 6.12),
	(122, 'Fehérvár FC', 'HUN', 1.5, 5, 1.5, 2.5, 1, 11.5, 3.275),
	(123, 'Wolfsberger', 'AUT', 0, 0, 4, 7, 0, 11, 7.77),
	(124, 'FC Paços de Ferreira', 'POR', 0, 0, 0, 0, 2.5, 2.5, 10.676),
	(124, 'CD Santa Clara', 'POR', 0, 0, 0, 0, 2.5, 2.5, 10.676),
	(126, 'Rio Ave ', 'POR', 0, 1.5, 0, 2.5, 0, 4, 10.676),
	(127, 'Vitória', 'POR', 4, 0, 4, 0, 0, 8, 10.676),
	(128, 'CS Marítimo', 'POR', 1.5, 0, 0, 0, 0, 1.5, 10.676),
	(129, 'PFC CSKA Sofia', 'BUL', 0, 2, 2, 4, 2.5, 10.5, 3.9),
	(130, 'FK Suduva', 'LTU', 1.5, 2.5, 2.5, 2, 1.5, 10, 2),
	(131, 'Östersunds FK', 'SWE', 10, 0, 0, 0, 0, 10, 4.575),
	(132, 'Willem II', 'NED', 0, 0, 0, 2, 0, 2, 9.86),
	(133, 'FC Utrecht', 'NED', 1.5, 0, 1.5, 0, 0, 3, 9.86),
	(134, 'FC Flora Tallinn', 'EST', 0.25, 1.5, 1.5, 2.5, 4, 9.75, 1.408),
	(135, 'Dundalk FC', 'IRL', 1, 1.5, 2, 3, 2, 9.5, 1.625),
	(136, 'Aberdeen FC', 'SCO', 1, 1.5, 2, 2, 2.5, 9, 7.38),
	(137, 'KF Shkëndija', 'MKD', 1.5, 2.5, 1.5, 2, 1.5, 9, 1.4),
	(138, 'FC Lugano', 'SUI', 6, 0, 3, 0, 0, 9, 5.935),
	(139, 'HJK Helsinki', 'FIN', 0.5, 2, 2, 0, 4, 8.5, 1.775),
	(140, 'Brøndby IF', 'DEN', 1, 2.5, 2, 0, 3, 8.5, 5.435),
	(141, 'The New Saints', 'WAL', 1, 2, 2, 1.5, 2, 8.5, 1.1),
	(142, 'FC Spartak Trnava', 'SVK', 0, 5, 1.5, 0, 2, 8.5, 3.125),
	(143, 'F91 Diddeleng', 'LUX', 1, 3, 3, 0, 1.5, 8.5, 1.75),
	(144, 'Anorthosis Famagusta', 'CYP', 0, 1, 0, 2, 5, 8, 5.275),
	(145, 'Riga', 'LVA', 0, 1, 2.5, 2, 2.5, 8, 1.725),
	(146, 'FC Kairat Almaty', 'KAZ', 0.5, 2, 1.5, 1.5, 2.5, 8, 3.15),
	(147, 'FK Žalgiris Vilnius', 'LTU', 1, 2, 1, 1.5, 2.5, 8, 2),
	(148, 'Alashkert FC', 'ARM', 1, 2, 1.5, 1, 2.5, 8, 1.625),
	(149, 'NK Osijek', 'CRO', 1.5, 1.5, 1.5, 1.5, 2, 8, 5.43),
	(150, 'HNK Hajduk Split', 'CRO', 1.5, 2, 1, 2, 1.5, 8, 5.43),
	(151, 'SK Sturm Graz', 'AUT', 1, 2, 1.5, 0, 3, 7.5, 7.77),
	(152, 'FK Austria Wien', 'AUT', 4, 0, 2, 0, 1.5, 7.5, 7.77),
	(153, 'TSV Hartberg', 'AUT', 0, 0, 0, 1.5, 0, 1.5, 7.77),
	(154, 'FC Admira Wacker Mödling', 'AUT', 0, 1.5, 0, 0, 0, 1.5, 7.77),
	(155, 'SCR Altach', 'AUT', 1.5, 0, 0, 0, 0, 1.5, 7.77),
	(156, 'NK Olimpija Ljubljanaa', 'SVN', 0.25, 2.5, 1.5, 1.5, 2, 7.75, 3),
	(157, 'KuPS Kuopio', 'FIN', 0, 1, 1.5, 2.5, 2.5, 7.5, 1.775),
	(158, 'CS Fola Esch', 'LUX', 1, 1.5, 1, 1.5, 2.5, 7.5, 1.75),
	(159, 'Universitatea Craiova', 'ROU', 1, 2, 2, 1, 1.5, 7.5, 3.43),
	(160, 'AEK Larnaca', 'CYP', 1.5, 4, 2, 0, 0, 7.5, 5.275),
	(161, 'St Johnstone', 'SCO', 0.25, 0, 0, 0, 2.5, 2.75, 7.38),
	(162, 'Hibernian', 'SCO', 0, 2, 0, 0, 2, 4, 7.38),
	(163, 'Motherwell ', 'SCO', 0, 0, 0, 2, 0, 2, 7.38),
	(164, 'Kilmarnock', 'SCO', 0, 0, 1, 0, 0, 1, 7.38),
	(165, 'Lincoln Red Imps', 'GIB', 0.25, 1.5, 1.5, 1.5, 2.5, 7.25, 1.083),
	(166, 'FK Sarajevo', 'BIH', 0.25, 1.5, 2, 2.5, 1, 7.25, 1.825),
	(167, 'Randers', 'DEN', 0, 0, 0, 0, 7, 7, 5.435),
	(168, 'Omonoia', 'CYP', 0, 0, 0, 3, 4, 7, 5.275),
	(169, 'Maccabi Haifa', 'ISR', 0, 0, 1.5, 2.5, 3, 7, 4.875),
	(170, 'Neftçi', 'AZE', 0, 1, 2, 1.5, 2.5, 7, 3.4),
	(171, 'Shamrock Rovers ', 'IRL', 0.5, 1, 1.5, 1.5, 2.5, 7, 1.625),
	(172, 'Linfield', 'NIR', 1, 0, 2.5, 1.5, 2, 7, 1.616),
	(173, 'Budu?nost Podgorica', 'MNE', 1, 1, 1.5, 2, 1.5, 7, 0.975),
	(174, 'HŠK Zrinjski', 'BIH', 1, 2, 2, 2, 0, 7, 1.825),
	(175, 'FC Zürich', 'SUI', 0, 7, 0, 0, 0, 7, 5.935),
	(176, 'FC Rubin', 'RUS', 0, 0, 0, 0, 2, 2, 6.896),
	(176, 'FC Sochi', 'RUS', 0, 0, 0, 0, 2, 2, 6.896),
	(178, 'FC Rostov', 'RUS', 0, 0, 0, 2, 0, 2, 6.896),
	(179, 'FC Dynamo Moscow', 'RUS', 0, 0, 0, 1.5, 0, 1.5, 6.896),
	(180, 'FC Arsenal Tula', 'RUS', 0, 0, 1.5, 0, 0, 1.5, 6.896),
	(181, 'FC Ufa', 'RUS', 0, 2.5, 0, 0, 0, 2.5, 6.896),
	(182, 'FK Vojvodina', 'SRB', 0.25, 0, 0, 2, 2, 4.25, 6.675),
	(183, 'FK Cukaricki', 'SRB', 0, 0, 1.5, 0, 2, 3.5, 6.675),
	(184, 'Backa Topola', 'SRB', 0, 0, 0, 1.5, 0, 1.5, 6.675),
	(185, 'FK Radnicki Niš', 'SRB', 0, 1.5, 1, 0, 0, 2.5, 6.675),
	(186, 'FK Spartak Subotica', 'SRB', 0, 2, 0, 0, 0, 2, 6.675),
	(187, 'FK Mladost Lu?ani', 'SRB', 0.25, 0, 0, 0, 0, 0.25, 6.675),
	(188, 'Sivasspor', 'TUR', 0, 0, 0, 4, 2.5, 6.5, 5.42),
	(189, 'FC Luzern', 'SUI', 0.5, 2, 2, 0, 2, 6.5, 5.935),
	(190, 'NK Domžale', 'SVN', 1.5, 1.5, 1.5, 0, 2, 6.5, 3),
	(191, 'FC Dinamo Brest', 'BLR', 0.5, 2, 0, 2.5, 1.5, 6.5, 2.5),
	(192, 'FC Dinamo Tbilisi', 'GEO', 0, 1, 2, 2, 1.5, 6.5, 1.4),
	(193, 'DAC 1904 Dunajská Streda', 'SVK', 0, 1.5, 1.5, 2, 1.5, 6.5, 3.125),
	(194, 'FC Vaduz', 'LIE', 0.5, 1.5, 2, 1, 1.5, 6.5, 1.3),
	(195, 'Kolos Kovalivka', 'UKR', 0, 0, 0, 2, 2, 4, 6.36),
	(196, 'FC Vorskla Poltava', 'UKR', 0, 3, 0, 0, 1.5, 4.5, 6.36),
	(197, 'FC Desna Chernihiv', 'UKR', 0, 0, 0, 2, 0, 2, 6.36),
	(198, 'FC Olexandriya', 'UKR', 1.5, 0, 3, 0, 0, 4.5, 6.36),
	(199, 'FC Mariupol', 'UKR', 0, 2, 2, 0, 0, 4, 6.36),
	(200, 'FC Olimpik Donetsk', 'UKR', 1, 0, 0, 0, 0, 1, 6.36),
	(201, 'FK Sutjeska', 'MNE', 0.25, 1.5, 2, 1, 1.5, 6.25, 0.975),
	(201, 'FC Shakhtyor Soligorsk', 'BLR', 0.25, 1.5, 2, 1, 1.5, 6.25, 2.5),
	(203, 'KÍ Klaksvík', 'FRO', 0.25, 1, 1.5, 2.5, 1, 6.25, 1.45),
	(204, 'R. Charleroi SC', 'BEL', 0, 0, 0, 2.5, 0, 2.5, 6.12),
	(205, 'SV Zulte Waregem', 'BEL', 5, 0, 0, 0, 0, 5, 6.12),
	(206, 'KV Oostende', 'BEL', 1, 0, 0, 0, 0, 1, 6.12),
	(207, 'KF Laçi', 'ALB', 0, 1.5, 1, 1.5, 2, 6, 1.6),
	(208, 'KKS Lech Poznan', 'POL', 1, 2, 0, 3, 0, 6, 3.175),
	(209, 'Servette FC', 'SUI', 0, 0, 0, 1.5, 1.5, 3, 5.935),
	(210, 'FC St. Gallen', 'SUI', 0, 1.5, 0, 2, 0, 3.5, 5.935),
	(211, 'FC Thun', 'SUI', 0, 0, 2, 0, 0, 2, 5.935),
	(212, 'FC Sion', 'SUI', 1, 0, 0, 0, 0, 1, 5.935),
	(213, ' Connah\'s Quay Nomads FC', 'WAL', 0.25, 1, 1.5, 1.5, 1.5, 5.75, 1.1),
	(214, 'Aris Thessaloniki FC', 'GRE', 0, 0, 2, 1.5, 1.5, 5, 5.64),
	(215, 'OFI Crete FC', 'GRE', 0, 0, 0, 1.5, 0, 1.5, 5.64),
	(216, 'Atromitos FC', 'GRE', 0, 1.5, 2, 0, 0, 3.5, 5.64),
	(217, 'Asteras Tripolis FC', 'GRE', 0, 1.5, 0, 0, 0, 1.5, 5.64),
	(218, 'Panathinaikos FC', 'GRE', 1.5, 0, 0, 0, 0, 1.5, 5.64),
	(219, 'Panionios GSS', 'GRE', 1, 0, 0, 0, 0, 1, 5.64),
	(220, '1. FC Slovácko', 'CZE', 0, 0, 0, 0, 1.5, 1.5, 5.56),
	(221, 'FC Slovan Liberec', 'CZE', 0, 0, 0, 5, 0, 5, 5.56),
	(222, 'FK Mladá Boleslav', 'CZE', 1, 0, 2, 0, 0, 3, 5.56),
	(223, 'SK Sigma Olomouc', 'CZE', 0, 2.5, 0, 0, 0, 2.5, 5.56),
	(224, 'FC Zlín', 'CZE', 2, 0, 0, 0, 0, 2, 5.56),
	(225, 'NŠ Mura', 'SVN', 0, 0, 1, 2, 2.5, 5.5, 3),
	(226, 'Trabzonspor ', 'TUR', 0, 0, 3, 0, 2.5, 5.5, 5.42),
	(227, 'PFC Lokomotiv Plovdiv 1926', 'BUL', 0, 0, 2, 1.5, 2, 5.5, 3.9),
	(228, 'Hibernians FC', 'MLT', 1, 0, 1, 1.5, 2, 5.5, 1.4),
	(229, 'Hafnarfjördur', 'ISL', 1.5, 1.5, 0, 1, 1.5, 5.5, 1.075),
	(230, 'FC Santa Coloma', 'AND', 0.5, 1.5, 1.5, 0.5, 1.5, 5.5, 0.933),
	(231, 'Valur', 'ISL', 0.5, 2, 1.5, 0, 1.5, 5.5, 1.075),
	(232, 'FC Progrès Niederkorn', 'LUX', 0.5, 2, 1.5, 1.5, 0, 5.5, 1.75),
	(233, 'Budapest Honvéd FC', 'HUN', 1, 1.5, 1.5, 1.5, 0, 5.5, 3.275),
	(234, 'FK Kukësi', 'ALB', 1, 2, 1, 1.5, 0, 5.5, 1.6),
	(235, 'Vålerenga Fotball', 'NOR', 0, 0, 0, 0, 1.5, 1.5, 5.45),
	(236, 'Viking FK', 'NOR', 0, 0, 0, 1.5, 0, 1.5, 5.45),
	(237, 'FK Haugesund', 'NOR', 0.5, 0, 2, 0, 0, 2.5, 5.45),
	(238, 'SK Brann', 'NOR', 0.5, 0, 1, 0, 0, 1.5, 5.45),
	(239, 'Sarpsborg 08 FF', 'NOR', 0, 4, 0, 0, 0, 4, 5.45),
	(240, 'Lillestrøm SK', 'NOR', 0, 1.5, 0, 0, 0, 1.5, 5.45),
	(241, 'Odds BK', 'NOR', 1, 0, 0, 0, 0, 1, 5.45),
	(242, 'AGF Aarhus', 'DEN', 0, 0, 0, 1.5, 1.5, 3, 5.435),
	(243, 'SønderjyskE', 'DEN', 0, 0, 0, 2, 0, 2, 5.435),
	(244, 'Esbjerg fB', 'DEN', 0, 0, 1.5, 0, 0, 1.5, 5.435),
	(245, 'Nordsjælland', 'DEN', 0, 2, 0, 0, 0, 2, 5.435),
	(246, 'Lyngby BK', 'DEN', 1, 0, 0, 0, 0, 1, 5.435),
	(247, 'NK Lokomotiva Zagreb', 'CRO', 0, 0, 0, 2, 0, 2, 5.43),
	(248, 'Alanyaspor', 'TUR', 0, 0, 0, 2, 0, 2, 5.42),
	(249, 'Malatyaspor', 'TUR', 0, 0, 2, 0, 0, 2, 5.42),
	(250, 'Akhisar Belediyespor', 'TUR', 0, 3, 0, 0, 0, 3, 5.42),
	(251, 'Konyaspor', 'TUR', 5, 0, 0, 0, 0, 5, 5.42),
	(252, 'AEL Limassol FC', 'CYP', 1, 0, 1.5, 0, 2, 4.5, 5.275),
	(253, ' Ventspils', 'LVA', 0.25, 1.5, 2, 1.5, 0, 5.25, 1.725),
	(254, 'FC Drita', 'KOS', 0, 1.5, 0, 2, 1.5, 5, 1.633),
	(255, 'Ararat-Armenia FC', 'ARM', 0, 0, 2.5, 2.5, 0, 5, 1.625),
	(256, 'FK Riteriai', 'LTU', 1, 1.5, 1, 1.5, 0, 5, 2),
	(257, 'Valletta FC', 'MLT', 0.5, 1.5, 2, 1, 0, 5, 1.4),
	(258, 'FC Dinamo Minsk', 'BLR', 1, 2, 1, 1, 0, 5, 2.5),
	(259, 'AIK', 'SWE', 1, 1.5, 2.5, 0, 0, 5, 4.575),
	(260, 'FC Ashdod', 'ISR', 0, 0, 0, 0, 1.5, 1.5, 4.875),
	(261, 'Beitar Jerusalem FC', 'ISR', 0.5, 1, 0, 1, 0, 2.5, 4.875),
	(262, 'Bnei Yehuda Tel-Aviv FC', 'ISR', 1, 0, 2.5, 0, 0, 3.5, 4.875),
	(263, 'Hapoel Haifa FC', 'ISR', 0, 2, 0, 0, 0, 2, 4.875),
	(264, 'FC Levadia Tallinn', 'EST', 0.25, 1, 1, 1, 1.5, 4.75, 1.408),
	(265, 'B36 Tórshavn', 'FRO', 0.25, 1.5, 1, 2, 0, 4.75, 1.45),
	(266, 'Hammarby Fotboll', 'SWE', 0, 0, 0, 1.5, 2.5, 4, 4.575),
	(267, 'IF Elfsborg', 'SWE', 0, 0, 0, 0, 2.5, 2.5, 4.575),
	(268, 'BK Häcken', 'SWE', 0, 1.5, 1.5, 0, 1.5, 4.5, 4.575),
	(269, 'Djurgårdens IF', 'SWE', 0, 1.5, 0, 2, 0, 3.5, 4.575),
	(270, 'IFK Göteborg', 'SWE', 0, 0, 0, 1.5, 0, 1.5, 4.575),
	(271, 'IFK Norrköping FK', 'SWE', 0.5, 0, 2, 0, 0, 2.5, 4.575),
	(272, 'MŠK Žilina', 'SVK', 1, 0, 0, 1, 2.5, 4.5, 3.125),
	(273, 'KF Teuta', 'ALB', 0, 0, 1, 1.5, 2, 4.5, 1.6),
	(274, 'FC Tobol Kostanay', 'KAZ', 0, 1.5, 1, 0, 2, 4.5, 3.15),
	(275, 'Petrocub-Hincesti', 'MDA', 0, 1, 1, 1, 1.5, 4.5, 2.25),
	(275, 'FC Shkupi 1927', 'MKD', 0, 1, 1, 1, 1.5, 4.5, 1.4),
	(277, 'FK LiepSja', 'LVA', 0.5, 1, 1.5, 0, 1.5, 4.5, 1.725),
	(278, 'Europa FC', 'GIB', 0.5, 0.5, 1, 1.5, 1, 4.5, 1.083),
	(279, 'Nõmme Kalju FC', 'EST', 0.5, 1, 2, 1, 0, 4.5, 1.408),
	(280, 'FC Viitorul', 'ROU', 1.5, 1.5, 1.5, 0, 0, 4.5, 3.43),
	(281, 'FC Prishtina', 'KOS', 0.25, 1, 0.5, 0.5, 2, 4.25, 1.633),
	(282, 'FK Partizani', 'ALB', 0.25, 1, 1.5, 0, 1.5, 4.25, 1.6),
	(283, 'Stjarnan', 'ISL', 0.25, 1.5, 1.5, 0, 1, 4.25, 1.075),
	(284, 'FC Pyunik', 'ARM', 0.25, 2, 2, 0, 0, 4.25, 1.625),
	(285, 'Breidablik', 'ISL', 0, 0, 1, 1, 2, 4, 1.075),
	(285, 'RFS', 'LVA', 0, 0, 1, 1, 2, 4, 1.725),
	(287, 'HB Tórshavn', 'FRO', 0, 0, 1.5, 0.5, 2, 4, 1.45),
	(288, 'Kesla FK', 'AZE', 0.5, 1, 0, 1, 1.5, 4, 3.4),
	(289, 'Gzira United FC', 'MLT', 0, 1, 1.5, 0, 1.5, 4, 1.4),
	(290, 'La Fiorita 1967', 'SMR', 0.5, 1.5, 0.5, 0.5, 1, 4, 0.266),
	(291, 'KF Skënderbeu', 'ALB', 4, 0, 0, 0, 0, 4, 1.6),
	(292, 'Arda', 'BUL', 0, 0, 0, 0, 1.5, 1.5, 3.9),
	(293, 'PFC Slavia Sofia', 'BUL', 0, 1.5, 0, 1, 0, 2.5, 3.9),
	(294, 'PFC Levski Sofia', 'BUL', 0.5, 1, 1.5, 0, 0, 3, 3.9),
	(295, 'PFC Botev Plovdiv', 'BUL', 1, 0, 0, 0, 0, 1, 3.9),
	(296, 'FC Dunav Ruse', 'BUL', 0.25, 0, 0, 0, 0, 0.25, 3.9),
	(297, 'FC Milsami Orhei', 'MDA', 0.25, 1, 1, 0, 1.5, 3.75, 2.25),
	(298, 'Coleraine FC', 'NIR', 0.25, 1, 0, 1.5, 1, 3.75, 1.616),
	(299, 'NSÍ Runavík', 'FRO', 0.25, 1, 0.5, 1, 1, 3.75, 1.45),
	(300, 'FC Torpedo Kutaisi', 'GEO', 0.25, 2.5, 1, 0, 0, 3.75, 1.4),
	(301, 'Újpest FC', 'HUN', 0, 1.5, 0, 0, 2, 3.5, 3.275),
	(302, 'FK Kauno Žalgiris', 'LTU', 0, 0, 1, 1, 1.5, 3.5, 2),
	(303, 'NK Široki Brijeg', 'BIH', 0.5, 1, 1, 0, 1, 3.5, 1.825),
	(304, 'Piast Gliwice', 'POL', 0, 0, 1.5, 2, 0, 3.5, 3.175),
	(305, 'Gabala SC', 'AZE', 1, 1, 1.5, 0, 0, 3.5, 3.4),
	(306, 'Cork City FC', 'IRL', 0.5, 2, 1, 0, 0, 3.5, 1.625),
	(307, 'Sepsi Sfantu Gheorghe', 'ROU', 0, 0, 0, 0, 1.5, 1.5, 3.43),
	(308, 'FC Botosani', 'ROU', 0, 0, 0, 1.5, 0, 1.5, 3.43),
	(309, 'FC Dinamo BucureSti', 'ROU', 1, 0, 0, 0, 0, 1, 3.43),
	(309, 'FC Astra Giurgiu', 'ROU', 1, 0, 0, 0, 0, 1, 3.43),
	(311, 'Sumqayit FK', 'AZE', 0, 0, 0, 1, 1.5, 2.5, 3.4),
	(312, 'Sabail', 'AZE', 0, 0, 1, 0, 0, 1, 3.4),
	(313, 'Zirä FK', 'AZE', 0.5, 0, 0, 0, 0, 0.5, 3.4),
	(314, 'Puskás Akadémia FC', 'HUN', 0, 0, 0, 1, 1.5, 2.5, 3.275),
	(315, 'Debreceni VSC', 'HUN', 0, 0, 1.5, 0, 0, 1.5, 3.275),
	(316, 'Vasas FC', 'HUN', 0.25, 0, 0, 0, 0, 0.25, 3.275),
	(317, 'FC Dinamo Batumi', 'GEO', 0.25, 0, 0, 1, 2, 3.25, 1.4),
	(318, 'Bala Town FC', 'WAL', 0.25, 0.5, 0, 1.5, 1, 3.25, 1.1),
	(319, 'SP Tre Penne', 'SMR', 0.25, 0, 1.5, 0.5, 1, 3.25, 0.266),
	(320, 'St Joseph\'s FC', 'GIB', 0.25, 0.5, 1, 0.5, 1, 3.25, 1.083),
	(321, 'FC Chikhura Sachkhere', 'GEO', 0.25, 1.5, 1.5, 0, 0, 3.25, 1.4),
	(321, 'Crusaders FC', 'NIR', 0.25, 1.5, 1.5, 0, 0, 3.25, 1.616),
	(323, 'Raków Czestochowa', 'POL', 0, 0, 0, 0, 2.5, 2.5, 3.175),
	(324, 'Slask ', 'POL', 0, 0, 0, 0, 2, 2, 3.175),
	(325, 'MKS Pogon Szczecin', 'POL', 0, 0, 0, 0, 1.5, 1.5, 3.175),
	(326, 'MKS Cracovia Kraków', 'POL', 0, 0, 1, 1, 0, 2, 3.175),
	(327, 'Lechia', 'POL', 0, 0, 1.5, 0, 0, 1.5, 3.175),
	(328, 'Jagiellonia', 'POL', 0.5, 2, 0, 0, 0, 2.5, 3.175),
	(329, 'Górnik Zabrze', 'POL', 0, 1.5, 0, 0, 0, 1.5, 3.175),
	(330, 'Arka Gdynia', 'POL', 1, 0, 0, 0, 0, 1, 3.175),
	(331, 'FC Shakhter Karagandy', 'KAZ', 0, 0, 0, 0, 2.5, 2.5, 3.15),
	(332, 'FC Kaysar Kyzylorda', 'KAZ', 0, 0, 0, 1.5, 0, 1.5, 3.15),
	(333, 'FC Ordabasy Shymkent', 'KAZ', 0.25, 0, 1.5, 1, 0, 2.75, 3.15),
	(334, 'FC Irtysh Pavlodar', 'KAZ', 0.5, 1, 0, 0, 0, 1.5, 3.15),
	(335, 'MFK Ružomberok', 'SVK', 1, 0, 1, 1, 0, 3, 3.125),
	(336, 'AS Trencín', 'SVK', 0.5, 2.5, 0, 0, 0, 3, 3.125),
	(337, 'Bohemian FC', 'IRL', 0, 0, 0, 1, 2, 3, 1.625),
	(338, 'FK Borac Banja Luka', 'BIH', 0, 0, 0, 1.5, 1.5, 3, 1.825),
	(338, 'Inter Club d\'Escaldes', 'AND', 0, 0, 0, 1.5, 1.5, 3, 0.933),
	(340, 'FC Inter Turku', 'FIN', 0, 0, 1, 1, 1, 3, 1.775),
	(341, 'FC Urartu', 'ARM', 0, 1, 1, 0, 1, 3, 1.625),
	(342, 'NK Celje', 'SVN', 0, 0, 0, 2, 0, 2, 3),
	(343, 'KR Reykjavík', 'ISL', 0.5, 0, 1, 1.5, 0, 3, 1.075),
	(344, 'SP Tre Fiori', 'SMR', 0, 1, 0.5, 1.5, 0, 3, 0.266),
	(345, 'FC Saburtalo', 'GEO', 0, 0, 2, 1, 0, 3, 1.4),
	(346, 'FK Željeznicar', 'BIH', 0.5, 1.5, 0, 1, 0, 3, 1.825),
	(347, 'FK Spartaks Jurmala', 'LVA', 1, 2, 0, 0, 0, 3, 1.725),
	(348, 'NK Rudar Velenje', 'SVN', 0, 1.5, 0, 0, 0, 1.5, 3),
	(349, 'FK Vardar', 'MKD', 2, 1, 0, 0, 0, 3, 1.4),
	(350, 'ND Gorica', 'SVN', 0.5, 0, 0, 0, 0, 0.5, 3),
	(351, 'KF Tirana', 'ALB', 0.25, 0, 0, 2.5, 0, 2.75, 1.6),
	(352, 'Balzan FC', 'MLT', 0.25, 1.5, 1, 0, 0, 2.75, 1.4),
	(353, 'FC Honka Espoo', 'FIN', 0, 0, 0, 1, 1.5, 2.5, 1.775),
	(354, 'FC Torpedo Zhodino', 'BLR', 0, 0, 0, 0, 1.5, 1.5, 2.5),
	(355, 'FC Sfintul Gheorghe', 'MDA', 0, 0, 0, 1.5, 1, 2.5, 2.25),
	(355, 'FK Sileks', 'MKD', 0, 0, 0, 1.5, 1, 2.5, 1.4),
	(357, 'UE Engordany', 'AND', 0, 1, 1, 0.5, 0, 2.5, 0.933),
	(358, 'OFK Titograd', 'MNE', 0.5, 1, 1, 0, 0, 2.5, 0.975),
	(359, 'FC Vitebsk', 'BLR', 0, 0, 1, 0, 0, 1, 2.5),
	(360, 'Víkingur', 'FRO', 1, 1.5, 0, 0, 0, 2.5, 1.45),
	(361, 'SS Folgore', 'SMR', 0.25, 0.5, 0, 0, 1.5, 2.25, 0.266),
	(362, 'UE Sant Julià', 'AND', 0.25, 0.5, 0.5, 0, 1, 2.25, 0.933),
	(363, 'Floriana FC', 'MLT', 0.25, 0, 0, 2, 0, 2.25, 1.4),
	(364, 'FK Zeta', 'MNE', 0.25, 0, 1, 1, 0, 2.25, 0.975),
	(365, 'Derry City FC', 'IRL', 0.25, 1, 0, 1, 0, 2.25, 1.625),
	(366, ' Dinamo-Auto Tiraspol', 'MDA', 0, 0, 0, 1, 0, 1, 2.25),
	(367, 'Speranta Nisporeni', 'MDA', 0, 0, 1, 0, 0, 1, 2.25),
	(368, 'FC Zaria Balti', 'MDA', 0.5, 1, 0, 0, 0, 1.5, 2.25),
	(369, 'FC Dacia Chisinau', 'MDA', 0.25, 0, 0, 0, 0, 0.25, 2.25),
	(370, 'Larne FC', 'NIR', 0, 0, 0, 0, 2, 2, 1.616),
	(370, 'Velež', 'BIH', 0, 0, 0, 0, 2, 2, 1.825),
	(372, 'Birkirkara FC', 'MLT', 0, 0.5, 0, 0, 1.5, 2, 1.4),
	(373, 'Panevezys', 'LTU', 0, 0, 0, 0, 1.5, 1.5, 2),
	(374, 'Glentoran FC', 'NIR', 0, 0, 0, 1, 1, 2, 1.616),
	(374, 'Valmiera', 'LVA', 0, 0, 0, 1, 1, 2, 1.725),
	(374, 'Paide Linnameeskond', 'EST', 0, 0, 0, 1, 1, 2, 1.408),
	(374, 'FC Noah', 'ARM', 0, 0, 0, 1, 1, 2, 1.625),
	(378, 'Union Luxembourg', 'LUX', 0, 1, 0, 0, 1, 2, 1.75),
	(379, 'Locomotive Tbilisi', 'GEO', 0, 0, 0, 2, 0, 2, 1.4),
	(380, 'Ilves Tampere', 'FIN', 0, 1, 0, 1, 0, 2, 1.775),
	(381, 'Cliftonville', 'NIR', 0, 1, 1, 0, 0, 2, 1.616),
	(381, 'JK Narva Trans', 'EST', 0, 1, 1, 0, 0, 2, 1.408),
	(383, 'FC Samtredia', 'GEO', 1, 1, 0, 0, 0, 2, 1.4),
	(384, 'FC Stumbras', 'LTU', 0, 1, 0, 0, 0, 1, 2),
	(385, 'FK Atlantas', 'LTU', 0.25, 0, 0, 0, 0, 0.25, 2),
	(386, 'FK Radnik', 'BIH', 0, 0, 1, 0, 0, 1, 1.825),
	(387, 'RoPS Rovaniemi', 'FIN', 0, 0, 1, 0, 0, 1, 1.775),
	(388, 'FC Lahti', 'FIN', 0, 1, 0, 0, 0, 1, 1.775),
	(389, 'IFK MariehamnI', 'FIN', 1, 0, 0, 0, 0, 1, 1.775),
	(390, 'VPS Vaasa', 'FIN', 0.5, 0, 0, 0, 0, 0.5, 1.775),
	(391, 'SJK Seinäjoki', 'FIN', 0.25, 0, 0, 0, 0, 0.25, 1.775),
	(392, 'FC Swift Hesper', 'LUX', 0, 0, 0, 0, 1, 1, 1.75),
	(393, 'FC Differdange 03', 'LUX', 0.25, 0, 0, 1, 0, 1.25, 1.75),
	(394, 'Union Titus Petange', 'LUX', 0, 0, 0, 1, 0, 1, 1.75),
	(395, 'AS Jeunesse Esch', 'LUX', 0, 0, 1.5, 0, 0, 1.5, 1.75),
	(396, 'FK Jelgava', 'LVA', 0.25, 0, 0, 0, 0, 0.25, 1.725),
	(397, 'KF Llapi', 'KOS', 0, 0, 0, 0, 1, 1, 1.633),
	(398, 'KF Gjilani', 'KOS', 0, 0, 0, 1, 0, 1, 1.633),
	(399, 'KF FeronikelI', 'KOS', 0, 0, 1.5, 0, 0, 1.5, 1.633),
	(400, 'KF Trepça’89', 'KOS', 0.5, 0, 0, 0, 0, 0.5, 1.633),
	(401, 'FC Ararat', 'ARM', 0, 0, 0, 0, 1.5, 1.5, 1.625),
	(402, 'Sligo Rovers', 'IRL', 0, 0, 0, 0, 1, 1, 1.625),
	(403, 'FC Shirak', 'ARM', 0.25, 0, 0, 1, 0, 1.25, 1.625),
	(404, 'Saint Patrick\'s Athletic FC', 'IRL', 0, 0, 1, 0, 0, 1, 1.625),
	(405, 'FC Gandzasar', 'ARM', 0.25, 1, 0, 0, 0, 1.25, 1.625),
	(406, 'Ballymena United', 'NIR', 0.25, 0, 1, 0, 0, 1.25, 1.616),
	(407, 'Glenavon FC', 'NIR', 0, 1, 0, 0, 0, 1, 1.616),
	(408, 'KF Vllaznia', 'ALB', 0, 0, 0, 0, 1.5, 1.5, 1.6),
	(409, 'KS Luftëtari', 'ALB', 0, 1, 0, 0, 0, 1, 1.6),
	(410, 'KF Renova', 'MKD', 0, 0, 0, 1.5, 0, 1.5, 1.4),
	(411, 'FK Rabotnicki', 'MKD', 0.5, 1, 0, 0, 0, 1.5, 1.4),
	(412, 'FCI Tallinn', 'EST', 0.5, 0, 0, 0, 0, 0.5, 1.408),
	(413, 'FC Gagra', 'GEO', 0, 0, 0, 0, 1, 1, 1.4),
	(413, 'FC Struga', 'MKD', 0, 0, 0, 0, 1, 1, 1.4),
	(413, 'Mosta FC', 'MLT', 0, 0, 0, 0, 1, 1, 1.4),
	(413, 'FC Dila Gori', 'GEO', 0, 0, 0, 0, 1, 1, 1.4),
	(417, 'FC Sirens', 'MLT', 0, 0, 0, 1, 0, 1, 1.4),
	(418, 'Makedonija GP Skopje', 'MKD', 0, 0, 1, 0, 0, 1, 1.4),
	(418, 'Akademija Pandev', 'MKD', 0, 0, 1, 0, 0, 1, 1.4),
	(420, 'FK Pelister', 'MKD', 0.25, 0, 0, 0, 0, 0.25, 1.4),
	(421, 'Newtown', 'WAL', 0, 0, 0, 0, 1, 1, 1.1),
	(422, 'Barry Town', 'WAL', 0, 0, 0.5, 0.5, 0, 1, 1.1),
	(423, 'Cardiff Metropolitan University FC', 'WAL', 0, 0, 0.5, 0, 0, 0.5, 1.1),
	(424, 'Cefn Druids', 'WAL', 0, 0.5, 0, 0, 0, 0.5, 1.1),
	(425, 'Bangor City', 'WAL', 0.25, 0, 0, 0, 0, 0.25, 1.1),
	(426, 'Mons Calpe', 'GIB', 0, 0, 0, 0, 1, 1, 1.083),
	(427, 'Víkingur Reykjavík', 'ISL', 0, 0, 0, 1, 0, 1, 1.075),
	(428, 'ÍBV Vestmannaeyjar', 'ISL', 0, 1, 0, 0, 0, 1, 1.075),
	(429, 'FK Decic', 'MNE', 0, 0, 0, 0, 1, 1, 0.975),
	(429, 'FK Podgorica', 'MNE', 0, 0, 0, 0, 1, 1, 0.975),
	(431, 'FK Iskra', 'MNE', 0, 0, 0, 1, 0, 1, 0.975),
	(432, 'FK Rudar Pljevlja', 'MNE', 0, 1, 0, 0, 0, 1, 0.975),
	(433, 'UE Santa Coloma', 'AND', 0.25, 0, 0, 0, 0, 0.25, 0.933);
/*!40000 ALTER TABLE `ranking` ENABLE KEYS */;

-- Dump della struttura di tabella champions_league.squadre
CREATE TABLE IF NOT EXISTS `squadre` (
  `Nome_Squadra` varchar(50) NOT NULL,
  `Campionato` varchar(50) NOT NULL,
  `Nome_Stadio` varchar(50) NOT NULL,
  `OVR` int(11) NOT NULL DEFAULT 0,
  `ATT` int(11) NOT NULL DEFAULT 0,
  `MID` int(11) NOT NULL DEFAULT 0,
  `DEF` int(11) NOT NULL DEFAULT 0,
  `FASCIA` int(11) NOT NULL DEFAULT 0,
  PRIMARY KEY (`Nome_Squadra`)
) ENGINE=InnoDB DEFAULT CHARSET=latin1;

-- Dump dei dati della tabella champions_league.squadre: ~36 rows (circa)
/*!40000 ALTER TABLE `squadre` DISABLE KEYS */;
INSERT INTO `squadre` (`Nome_Squadra`, `Campionato`, `Nome_Stadio`, `OVR`, `ATT`, `MID`, `DEF`, `FASCIA`) VALUES
	('Ajax ', 'NED', 'Johan Cruyff Arena', 79, 82, 77, 80, 1),
	('AS Monaco ', 'FRA', 'Stadio Louis II', 77, 83, 78, 77, 4),
	('Atlético de Madrid', 'SPA', 'Wanda Metropolitano', 83, 84, 82, 82, 2),
	('Barcelona', 'SPA', 'Camp nou', 83, 83, 85, 81, 2),
	('Bayer 04 Leverkusen', 'GER', 'BayArena', 79, 83, 79, 78, 3),
	('Bayern München', 'GER', 'Allianz Arena', 84, 92, 85, 82, 1),
	('Benfica', 'POR', 'Estádio da Luz', 78, 76, 78, 80, 3),
	('Borussia Dortmund', 'GER', 'Signal Iduna Park', 81, 83, 81, 81, 2),
	('Celtic', 'SCO', 'Celtic Park', 73, 73, 74, 73, 4),
	('Chelsea ', 'ENG', 'Stamford Bridge', 84, 84, 85, 83, 2),
	('Club Brugge', 'BEL', 'Stadio Jan Breydel', 75, 76, 74, 75, 4),
	('Copenhagen', 'DEN', 'Stadio Parken', 72, 71, 70, 72, 4),
	('Dinamo Zagreb', 'CRO', 'Stadio Maksimir', 73, 73, 73, 72, 3),
	('Eintracht Frankfurt', 'GER', 'Commerzbank-Arena', 77, 77, 77, 76, 1),
	('Internazionale Milano', 'ITA', 'Stadio Giuseppe Meazza(Internazionale Milano)', 82, 82, 82, 83, 3),
	('Juventus', 'ITA', 'Allianz Stadium', 82, 81, 82, 83, 2),
	('Liverpool', 'ENG', 'Anfield', 85, 86, 84, 85, 1),
	('Manchester City ', 'ENG', 'Etihad Stadium', 85, 84, 87, 86, 1),
	('Midtjylland', ' DEN', 'MCH Arena', 71, 70, 72, 72, 4),
	('Milan ', 'ITA', 'Stadio Giuseppe Meazza(Milan)', 81, 81, 80, 80, 1),
	('Napoli', 'ITA', 'Stadio Diego Armando Maradona', 80, 82, 80, 77, 3),
	('Olympiacos', 'GRE', 'Stadio Georgios Karaiskakis', 76, 76, 74, 75, 4),
	('Olympique de Marseille', 'FRA', 'Vèlodrome', 78, 79, 77, 77, 3),
	('Paris Saint Germain', 'FRA', 'Parc des Princes', 85, 89, 82, 84, 1),
	('Porto', 'POR', 'Estádio do Dragão', 78, 78, 77, 77, 1),
	('PSV Eindhoven', 'NED', 'Philips Stadion', 77, 77, 78, 75, 4),
	('Rangers', 'SCO', 'Ibrox Stadium', 74, 73, 74, 74, 3),
	('RB Leipzig', 'GER', 'Red Bull Arena(RB Lipsia)', 80, 82, 82, 79, 2),
	('RB Salzburg', 'AUT', 'Red Bull Arena(RB Salisburgo)', 73, 73, 73, 73, 2),
	('Real Madrid ', 'SPA', 'Stadio Santiago Bernabeu', 84, 84, 86, 83, 1),
	('Sevilla ', 'SPA', 'Ramón Sánchez Pizjuán', 81, 81, 81, 83, 2),
	('Shakhtar Donetsk', 'UKR', 'Stadio Olimpico(Shakhtar Donetsk)', 74, 74, 75, 73, 3),
	('Sporting Clube de Portugal', 'POR', 'Stadio José Alvalade', 79, 79, 80, 78, 3),
	('Tottenham Hotspur', 'ENG', 'Tottenham Hotspur Stadium', 81, 83, 82, 78, 2),
	('Trabzonspor', 'TUR', 'Stadio Senol Günes', 75, 76, 76, 73, 4),
	('Viktoria Plzen', 'CZE', 'Doosan Aréna', 73, 74, 73, 72, 3);
/*!40000 ALTER TABLE `squadre` ENABLE KEYS */;

-- Dump della struttura di tabella champions_league.stadi
CREATE TABLE IF NOT EXISTS `stadi` (
  `Nome_Stadio` varchar(50) DEFAULT NULL,
  `Capienza` int(11) DEFAULT NULL,
  `Città` varchar(50) DEFAULT NULL,
  `Anno_Costruzione` int(11) DEFAULT NULL
) ENGINE=InnoDB DEFAULT CHARSET=latin1;

-- Dump dei dati della tabella champions_league.stadi: ~199 rows (circa)
/*!40000 ALTER TABLE `stadi` DISABLE KEYS */;
INSERT INTO `stadi` (`Nome_Stadio`, `Capienza`, `Città`, `Anno_Costruzione`) VALUES
	('Camp Nou', 99354, 'Barcellona', 1957),
	('Wembley Stadium', 90000, 'Londra', 2007),
	('Croke Park', 82300, 'Dublino', 1884),
	('Twickenham Stadium', 82000, 'Londra', 1909),
	('Signal Iduna Park', 81365, 'Dortmund', 1974),
	('Stade de France', 81338, 'Parigi', 1998),
	('Stadio Santiago Bernabéu', 81044, 'Madrid', 1947),
	('Stadio Giuseppe Meazza(Milan)', 80018, 'Milano', 1926),
	('Stadio Giuseppe Meazza(Internazionale Milano)', 80018, 'Milano', 1926),
	('Lužniki', 78011, 'Mosca', 1956),
	('Old Trafford', 75881, 'Manchester', 1910),
	('Stadio Olimpico Atatürk', 75145, 'Istanbul', 2001),
	('Allianz Arena', 75021, 'Monaco di Baviera', 2005),
	('Millennium Stadium', 74500, 'Cardiff', 1999),
	('Olympiastadion', 74475, 'Berlino', 1936),
	('Stadio Olimpico', 70634, 'Roma', 1953),
	('Stadio Olimpico(Shakhtar Donetsk)', 70050, 'Kiev', 1923),
	('Stadio Olimpico Spyros Louis', 69618, 'Atene', 1982),
	('Olympiastadion', 69250, 'Monaco di Baviera', 1972),
	('Wanda Metropolitano', 68456, 'Madrid', 2017),
	('Ferenc Puskàs Arena', 67889, 'Budapest', 2019),
	('Stadio di Murrayfield', 67144, 'Edimburgo', 1925),
	('Vélodrome', 67054, 'Marsiglia', 1937),
	('Estádio da Luz', 64642, 'Lisbona', 2003),
	('Stadio San Pietroburgo', 64468, 'San Pietroburgo', 2017),
	('Veltins-Arena', 62271, 'Gelsenkirchen', 2001),
	('Tottenham Hotspur Stadium', 62062, 'Londra', 2019),
	('Stadio Benito Villamarìn', 60720, 'Siviglia', 1929),
	('Stadio Olimpico Lluís Companys', 60713, 'Barcellona', 1927),
	('Mercedes-Benz Arena', 60441, 'Stoccarda', 1933),
	('Celtic Park', 60411, 'Glasgow', 1892),
	('Emirates Stadium', 60260, 'Londra', 2006),
	('London Stadium', 60000, 'Londra', 2012),
	('Parc Olympique Lyonnais', 59186, 'Lione', 2016),
	('Stadio San Nicola', 58270, 'Bari', 1990),
	('Stadion Narodowy', 58145, 'Varsavia', 2011),
	('Estadio Olímpico de la Cartuja', 57619, 'Siviglia', 1999),
	('Volksparkstadion', 57000, 'Amburgo', 1953),
	('Arena Na?ional?', 55634, 'Bucarest', 2011),
	('Stadio Rajko Miti?', 55538, 'Belgrado', 1963),
	('Stadion ?l?ski', 55211, 'Chorzów', 1956),
	('Etihad Stadium', 55097, 'Manchester', 2002),
	('Semple Stadium', 55000, 'Thurles', 1910),
	('Johan Cruyff Arena', 54990, 'Amsterdam', 1996),
	('Stadio Diego Armando Maradona', 54726, 'Napoli', 1959),
	('Merkur Spiel-Arena', 54600, 'Düsseldorf', 2004),
	('Stadio Nazionale Boris Paichadze', 54549, 'Tbilisi', 1976),
	('Stadio Hrazdan', 54208, 'Erevan', 1970),
	('Anfield', 54074, 'Liverpool', 1884),
	('Stadion im Borussia-Park', 54022, 'Mönchengladbach', 2004),
	('San Mamés', 53289, 'Bilbao', 2013),
	('Ernst Happel Stadion', 53008, 'Vienna', 1931),
	('St James\' Park', 52354, 'Newcastle upon Tyne', 1880),
	('Türk Telekom Arena', 52223, 'Istanbul', 2011),
	('Donbas Arena', 52187, 'Donec\'k', 2009),
	('Hampden Park', 51866, 'Glasgow', 1903),
	('Aviva Stadium', 51700, 'Dublino', 2010),
	('Commerzbank-Arena', 51500, 'Francoforte', 1925),
	('Stadio Atatürk', 51295, 'Smirne', 1971),
	('Stadion Feijenoord', 51117, 'Rotterdam', 1937),
	('Ibrox Stadium', 50817, 'Glasgow', 1899),
	('Friends Arena', 50653, 'Solna (Stoccolma)', 2012),
	('Stadio Pierre Mauroy', 50186, 'Lilla', 2012),
	('Stadio José Alvalade', 50095, 'Lisbona', 2003),
	('Stadio Re Baldovino', 50093, 'Bruxelles', 1930),
	('Estádio do Dragão', 50083, 'Porto', 2003),
	('Gaelic Grounds', 50000, 'Limerick', 1926),
	('Max-Morlock-Stadion', 50000, 'Norimberga', 1928),
	('Fritz-Walter-Stadion', 49780, 'Kaiserslautern', 1920),
	('RheinEnergieStadion', 49698, 'Colonia', 1923),
	('Estadio de Mestalla', 49677, 'Valencia', 1923),
	('HDI-Arena', 49200, 'Hannover', 1954),
	('Stadium of Light', 48707, 'Sunderland', 1997),
	('Parc des Princes', 48583, 'Parigi', 1972),
	('Fenerbahçe Sükrü Saracoslu', 47834, 'Istanbul', 1908),
	('Stadio Olimpico di Soci', 44287, 'Soci', 2013),
	('Otkrytie Arena', 44190, 'Mosca', 2014),
	('Ramón Sánchez Pizjuán', 43883, 'Siviglia', 1958),
	('Volgograd Arena', 43713, 'Volgograd', 2018),
	('Stadion Energa Gda?sk', 43615, 'Danzica', 2011),
	('Stadio Nazionale Vasil Levski', 43632, 'Sofia', 1953),
	('Páirc Uí Chaoimh', 43500, 'Cork', 1974),
	('Rostov Arena', 43472, 'Rostov sul Don', 2017),
	('Stadio Nižnij Novgorod', 43319, 'Nižnij Novgorod', 2018),
	('Stadion Miejski', 43269, 'Poznan', 1980),
	('Artemio Franchi', 43147, 'Firenze', 1931),
	('Ullevi', 43000, 'Göteborg', 1958),
	('Red Bull Arena(RB Lipsia)', 42959, 'Lipsia', 2004),
	('Kazan Arena', 42873, 'Kazan\'', 2013),
	('Stadion Miejski', 42771, 'Breslavia', 2011),
	('Villa Park', 42682, 'Birmingham', 1897),
	('Stadio Matmut-Atlantique', 42115, 'Bordeaux', 2015),
	('Weserstadion', 42100, 'Brema', 1923),
	('Futbol\'nyj stadion v Samare', 41970, 'Samara', 2017),
	('Stade Geoffroy-Guichard', 41965, 'Saint-Étienne', 1931),
	('Mordovia Arena', 41685, 'Saransk', 2017),
	('Stamford Bridge', 41631, 'Londra', 1877),
	('Ramat Gan Stadium', 41583, 'Ramat Gan', 1951),
	('Allianz Stadium', 41507, 'Torino', 2011),
	('Vodafone Arena', 41188, 'Istanbul', 2016),
	('Stadio Senol Günes', 40782, 'Trebisonda', 2015),
	('Stadio Olimpico di Helsinki', 40600, 'Helsinki', 1938),
	('RCDE Stadium', 40500, 'Cornellà de Llobregat', 2009),
	('Stadio Metalist', 40003, 'Charkiv', 1926),
	('Hillsborough Stadium', 39732, 'Sheffield', 1899),
	('Goodison Park', 39572, 'Liverpool', 1892),
	('Marcantonio Bentegodi', 39211, 'Verona', 1963),
	('San Filippo-Franco Scoglio', 38722, 'Messina', 2004),
	('St. Jakob-Park', 38512, 'Basilea', 2001),
	('Félix-Bollaert', 38223, 'Lens', 1932),
	('La Beaujoire', 38128, 'Nantes', 1984),
	('Telia Parken', 38065, 'Copenaghen', 1992),
	('McHale Park', 38000, 'Castlebar', 1931),
	('Elland Road', 37890, 'Leeds', 1897),
	('Stadio Nazionale di Jamor', 37593, 'Oeiras', 1944),
	('Arechi', 37500, 'Salerno', 1991),
	('Stadio Asim Ferhatovi? Hase', 37500, 'Sarajevo', 1947),
	('Luigi Ferraris', 36599, 'Genova', 1911),
	('Renato Dall\'Ara', 36462, 'Bologna', 1927),
	('Renzo Barbera', 36365, 'Palermo', 1932),
	('St. Tiernach\'s Park', 36000, 'Monaghan', 1944),
	('Parc Olympique Lyonnais', 35759, 'Lione', 1913),
	('Allianz Riviera', 35624, 'Nizza', 2013),
	('Gaziantep Arena', 35558, 'Gaziantep', 2017),
	('Stadio Maksimir', 35123, 'Zagabria', 1912),
	('Philips Stadion', 35000, 'Eindhoven', 1913),
	('New Eskisehir Stadium', 34930, 'Eski?ehir', 2016),
	('Arena L\'viv', 34915, 'Leopoli', 2011),
	('Jacques Chaban-Delmas', 34694, 'Bordeaux', 1924),
	('Samsun Stadium', 34658, 'Samsun', 2017),
	('La Romareda', 34596, 'Saragozza', 1957),
	('Grotenburg Stadion', 34500, 'Krefeld', 1927),
	('Stadio di Poljud', 34198, 'Spalato', 1979),
	('Stadio Sornomorec\'', 34164, 'Odessa', 2011),
	('Riverside Stadium', 34000, 'Middlesbrough', 1995),
	('Pearse Stadium', 34000, 'Salthill', 1957),
	('Manuel Martínez Valero', 33732, 'Elche', 1976),
	('Pride Park Stadium', 33597, 'Derby', 1997),
	('Toše Proeski Arena', 33460, 'Skopje', 1947),
	('Stadio Karaiskákis', 33334, 'Atene', 2004),
	('Stadion Miejski', 33326, 'Cracovia', 1953),
	('Opel Arena', 33305, 'Magonza', 2011),
	('Cardiff City Stadium', 33280, 'Cardiff', 2009),
	('Municipal', 33150, 'Tolosa', 1937),
	('Stadio Metallurg (Samara)', 33001, 'Samara', 1957),
	('Krasnodar Stadium', 33000, 'Krasnodar', 2016),
	('Stadio Dan Psltinisanu', 32972, 'Timisoara', 1964),
	('Stadion Tivoli', 32960, 'Aquisgrana', 2009),
	('Stade de la Mosson', 32939, 'Montpellier', 1972),
	('Stadio Kadir Has', 32864, 'Cesarea in Cappadocia', 2009),
	('Estádio Municipal de Aveiro', 32830, 'Aveiro', 2003),
	('Stadio Partizan', 32710, 'Belgrado', 1949),
	('Estadio Municipal de Riazor', 32660, 'La Coruña', 1940),
	('Bramall Lane', 32609, 'Sheffield', 1855),
	('Ricoh Arena', 32609, 'Coventry', 2005),
	('Antalya Arena', 32539, 'Adalia', 2015),
	('St Mary\'s Stadium', 32505, 'Southampton', 2001),
	('Respublikanskij stadion Spartak', 32464, 'Vladikavkaz', 1962),
	('Estadio de Gran Canaria', 32392, 'Las Palmas de Gran Canaria', 2003),
	('King Power Stadium', 32312, 'Leicester', 2002),
	('Rudolf-Harbig-Stadion', 32085, 'Dresda', 1923),
	('Molineux Stadium', 32050, 'Wolverhampton', 1889),
	('Hypo-Arena', 32000, 'Klagenfurt', 2007),
	('Casement Park', 32000, 'Belfast', 1953),
	('Kingspan Breffni Park', 32000, 'Cavan', 1923),
	('Stade de Suisse', 32000, 'Berna', 2005),
	('Paris La Défense Arena', 32000, 'Nanterre', 2017),
	('Pepsi Arena', 31800, 'Varsavia', 1930),
	('Tsentralnyi Profsoyuz Stadion', 31793, 'Voronež', 1930),
	('Stadio Teddy Kollek', 31733, 'Gerusalemme', 1991),
	('Shakhtar Stadium', 31718, 'Donec\'k', 1936),
	('Stadio Ettore Giardiniero-Via del Mare', 31533, 'Lecce', 1966),
	('Schauinsland-Reisen-Arena', 31500, 'Duisburg', 2004),
	('Ewood Park', 31367, 'Blackburn', 1882),
	('Stadio Nueva Condomina', 31179, 'Murcia', 2006),
	('Dnipro Arena', 31003, 'Dnipro', 2008),
	('Stadionul Ion Oblemenco', 30983, 'Craiova', 2017),
	('Stadio Sammy Ofer', 30780, 'Haifa', 2014),
	('American Express Community Stadium', 30750, 'Brighton', 2011),
	('WWK Arena', 30660, 'Augusta', 2009),
	('Stadio Carlos Tartiere', 30500, 'Oviedo', 2000),
	('Stadium MK', 30500, 'Milton Keynes', 2007),
	('The City Ground', 30445, 'Nottingham', 1898),
	('Tele2 Arena', 30370, 'Stoccolma', 2013),
	('Portman Road', 30311, 'Ipswich', 1884),
	('Estádio Algarve', 30305, 'Faro', 2004),
	('Estádio Municipal de Braga', 30286, 'Braga', 2003),
	('BayArena', 30210, 'Leverkusen', 1958),
	('Cluj Arena', 30201, 'Cluj Napoca', 2011),
	('Red Bull Arena(RB Salisburgo)', 30188, 'Salisburgo', 2003),
	('PreZero Arena', 30150, 'Sinsheim', 2009),
	('Stadio Centrale di Kazan\'', 30133, 'Kazan\'', 1960),
	('Stade de Genève', 30084, 'Ginevra', 2003),
	('Estadio La Rosaleda', 30044, 'Malaga', 1941),
	('Stade Maurice Dufrasne', 30023, 'Liegi', 1909),
	('St Andrew\'s', 30009, 'Birmingham', 1906),
	('Volkswagen Arena', 30000, 'Wolfsburg', 2002),
	('Arena CSKA', 30000, 'Mosca', 2016),
	('Estádio D. Afonso Henriques', 30000, 'Guimarães', 1999),
	('Stadio Louis II', 18523, 'Monaco', 1981),
	('Stadio Jan Breydel', 29062, 'Bruges', 1975),
	('Stadio Parken', 38065, 'Copenaghen', 1990),
	('MCH Arena', 11800, 'Herning', 2004),
	('Stadio Georgios Karaiskakis', 33334, 'Il Pireo', 1895),
	('Stadio Senol Günes', 40782, 'Trebisonda', 2015),
	('Doosan Aréna', 11700, 'Plzen', 1955);
/*!40000 ALTER TABLE `stadi` ENABLE KEYS */;

/*!40101 SET SQL_MODE=IFNULL(@OLD_SQL_MODE, '') */;
/*!40014 SET FOREIGN_KEY_CHECKS=IFNULL(@OLD_FOREIGN_KEY_CHECKS, 1) */;
/*!40101 SET CHARACTER_SET_CLIENT=@OLD_CHARACTER_SET_CLIENT */;
/*!40111 SET SQL_NOTES=IFNULL(@OLD_SQL_NOTES, 1) */;
